,Angelfish,Zebrafish,Killifish,Swordtail,Clownfish
Length,15.2,6.5,9.0,6.0,10.6
Width,7.7,2.1,4.5,2.0,3.7
Area,91.92300104403735,10.720684930375171,31.808625617596654,9.42477796076938,30.80331596844792
